{
  "General": {
    "Close": "Schließen",
    "Save": "Speichern",
    "Cancel": "Abbrechen",
    "Apply": "Anwenden",
    "OK": "OK",
    "Yes": "Ja",
    "No": "Nein",
    "Error": "Fehler",
    "Warning": "Warnung",
    "Info": "Information",
    "Success": "Erfolg",
    "Loading": "Wird geladen...",
    "ProcessingRequest": "Anfrage wird verarbeitet...",
    "Required": "Erforderlich",
    "Back": "Zurück",
    "Next": "Weiter",
    "Finish": "Fertigstellen"
  },
  "Navigation": {
    "Dashboard": "Dashboard",
    "Users": "Benutzer",
    "Mailboxes": "Postfächer",
    "Distribution": "Verteilerlisten",
    "Security": "Sicherheit",
    "Settings": "Einstellungen"
  },
  "Dashboard": {
    "Title": "Dashboard",
    "WelcomeMessage": "Willkommen im Exchange Online Management Tool",
    "QuickActions": "Schnellaktionen",
    "RecentActivities": "Letzte Aktivitäten",
    "SystemStatus": "Systemstatus",
    "ConnectedTo": "Verbunden mit:",
    "Disconnect": "Trennen",
    "Connect": "Verbinden"
  },
  "Users": {
    "Title": "Benutzer",
    "CreateUser": "Benutzer erstellen",
    "EditUser": "Benutzer bearbeiten",
    "DeleteUser": "Benutzer löschen",
    "SearchUser": "Benutzer suchen",
    "UserDetails": "Benutzerdetails",
    "FirstName": "Vorname",
    "LastName": "Nachname",
    "Email": "E-Mail",
    "Department": "Abteilung",
    "JobTitle": "Position",
    "Phone": "Telefon",
    "Mobile": "Mobil",
    "Manager": "Vorgesetzter",
    "Location": "Standort",
    "LastLogin": "Letzter Login"
  },
  "Mailboxes": {
    "Title": "Postfächer",
    "CreateMailbox": "Postfach erstellen",
    "EditMailbox": "Postfach bearbeiten",
    "DeleteMailbox": "Postfach löschen",
    "SearchMailbox": "Postfach suchen",
    "MailboxDetails": "Postfachdetails",
    "Size": "Größe",
    "UsedSpace": "Verwendeter Speicherplatz",
    "QuotaSettings": "Kontingenteinstellungen",
    "WarningQuota": "Warnungskontingent",
    "SendQuota": "Sendekontingent",
    "ReceiveQuota": "Empfangskontingent",
    "Forwarding": "Weiterleitung",
    "Delegates": "Stellvertreter",
    "Permissions": "Berechtigungen"
  },
  "Distribution": {
    "Title": "Verteilerlisten",
    "CreateGroup": "Gruppe erstellen",
    "EditGroup": "Gruppe bearbeiten",
    "DeleteGroup": "Gruppe löschen",
    "SearchGroup": "Gruppe suchen",
    "GroupDetails": "Gruppendetails",
    "GroupName": "Gruppenname",
    "GroupEmail": "Gruppen-E-Mail",
    "Members": "Mitglieder",
    "Owners": "Besitzer",
    "JoinRestriction": "Beitrittseinschränkung",
    "SendRestriction": "Sendeeinschränkung",
    "AddMember": "Mitglied hinzufügen",
    "RemoveMember": "Mitglied entfernen"
  },
  "Security": {
    "Title": "Sicherheit",
    "RoleGroups": "Rollengruppen",
    "Policies": "Richtlinien",
    "CompliancePolicies": "Compliance-Richtlinien",
    "RetentionPolicies": "Aufbewahrungsrichtlinien",
    "AuditLogs": "Audit-Logs",
    "MFAStatus": "MFA-Status",
    "EnableMFA": "MFA aktivieren",
    "DisableMFA": "MFA deaktivieren",
    "BlockUser": "Benutzer sperren",
    "UnblockUser": "Benutzer entsperren"
  },
  "Settings": {
    "Title": "Einstellungen",
    "GeneralSettings": "Allgemeine Einstellungen",
    "AppearanceSettings": "Erscheinungsbild",
    "LanguageSettings": "Sprache",
    "ConnectionSettings": "Verbindungseinstellungen",
    "LoggingSettings": "Protokollierung",
    "LogLevel": "Protokollierungsebene",
    "Debug": "Debug",
    "Info": "Info",
    "Warning": "Warnung",
    "Error": "Fehler",
    "ResetSettings": "Einstellungen zurücksetzen",
    "SaveSettings": "Einstellungen speichern",
    "ThemeSettings": "Designeinstellungen",
    "DarkMode": "Dunkler Modus",
    "LightMode": "Heller Modus"
  },
  "Errors": {
    "GeneralError": "Ein unerwarteter Fehler ist aufgetreten. Bitte wenden Sie sich an den Support.",
    "ConnectionError": "Verbindungsfehler. Bitte überprüfen Sie Ihre Internetverbindung.",
    "AuthenticationError": "Authentifizierungsfehler. Bitte melden Sie sich erneut an.",
    "PermissionError": "Sie haben nicht die erforderlichen Berechtigungen für diese Aktion.",
    "ValidationError": "Bitte überprüfen Sie die Eingabefelder auf Fehler.",
    "NotFoundError": "Die angeforderte Ressource wurde nicht gefunden.",
    "DuplicateError": "Ein Element mit diesem Namen existiert bereits.",
    "RequiredField": "Dieses Feld ist erforderlich."
  },
  "Messages": {
    "ChangesSaved": "Änderungen wurden erfolgreich gespeichert.",
    "OperationCompleted": "Vorgang erfolgreich abgeschlossen.",
    "ConfirmDelete": "Sind Sie sicher, dass Sie dieses Element löschen möchten?",
    "ConfirmOperation": "Sind Sie sicher, dass Sie diese Aktion ausführen möchten?",
    "OperationInProgress": "Vorgang wird ausgeführt...",
    "LogoutConfirm": "Sind Sie sicher, dass Sie sich abmelden möchten?",
    "UnsavedChanges": "Sie haben ungespeicherte Änderungen. Möchten Sie fortfahren?"
  }
}